Handle,Title,Body (HTML),Vendor,Product Category,Type,Tags,Published,Option1 Name,Option1 Value,Option2 Name,Option2 Value,Option3 Name,Option3 Value,Variant SKU,Variant Grams,Variant Inventory Tracker,Variant Inventory Policy,Variant Fulfillment Service,Variant Price,Variant Compare At Price,Variant Requires Shipping,Variant Taxable,Variant Barcode,Image Src,Image Position,Image Alt Text,Gift Card,SEO Title,SEO Description,Google Shopping / Google Product Category,Google Shopping / Gender,Google Shopping / Age Group,Google Shopping / MPN,Google Shopping / AdWords Grouping,Google Shopping / AdWords Labels,Google Shopping / Condition,Google Shopping / Custom Product,Google Shopping / Custom Label 0,Google Shopping / Custom Label 1,Google Shopping / Custom Label 2,Google Shopping / Custom Label 3,Google Shopping / Custom Label 4,Variant Image,Variant Weight Unit,Variant Tax Code,Cost per item,Included / Brasil,Included / Internacional,Price / Internacional,Compare At Price / Internacional,Status
caneca-magnetica-de-aco-inoxidavel-automatica-400ml,Caneca Magnética De Aço Inoxidável Automática 400ml,"<h3>Tamanho：14*10（Cm）</h3>

<hr>
<h3>Dimensões Da Embalagem:14.5*14.2*10.6（Cm）</h3>

<hr>
<h3>Classificação De Cor: Preto, Branco</h3>

<hr>
<h3>Especificação: 400ml</h3>

<hr>
<h3>Potência Nominal: 3w</h3>

<hr>
<h3>Peso:383g</h3>

<hr>
<h3>Composição:Plastico e Aco Inox</h3>

<hr>
<h3>Contém: 1 Unidade</h3>

<hr>
<h3>Fonte De Alimentação: Bateria AAA * 2 (Não Incluída, Precisa Ser Adquirida Separadamente)</h3>

<h1>ESPECIFICAÇÕES：</h1>

<h3>• Interruptor de um botão, imprensa imediatamente e parar.</h3>

<hr>
<h3>• Aço inoxidável de grau alimentício, estrutura atualizada, resistente ao desgaste e resistente à temperatura, durável.</h3>

<hr>
<h3>• Copo da tampa humanizada com furo de refrigeração, abertura e fechamento, fácil de beber.</h3>

<hr>
<h3>• Roda de corda em split, forte dispositivo magnetizante, potência moderada, não fácil de vazar.</h3>

<h1>ATENÇÃO:</h1>

<h3>• Não Pode ir ao Micro-ondas.</h3>

<hr>
<h3>• Não utilize a caneca para misturar bebidas muito densas ou com pedaços de alimentos.</h3>

<hr>
<h3>• Ao lavar, o compartimento de pilhas deve estar bem fechado, e não deve ser molhado. Lave o interior da caneca manualmente sem deixar escorrer água nas laterais.</h3>
",Brasil,,Eletrônicos,BRASIL,true,Cor,Preto,,,,,200007763:203054829;14:193,0.0,shopify,deny,dsers-fulfillment-service,87.99,167.50,true,false,,https://cdn.shopify.com/s/files/1/0691/8140/7513/products/S0bb680cd5c134ec582af95c5e06b4b293.jpg?v=1677177549,1,,false,,,,,,,,,,,,,,,,https://cdn.shopify.com/s/files/1/0691/8140/7513/products/Sf480065063184a3a96ec7f0c957583a49.jpg?v=1677177551,kg,,,true,true,,,active
caneca-magnetica-de-aco-inoxidavel-automatica-400ml,,,,,,,,,Branco,,,,,200007763:203054829;14:29,0.0,shopify,deny,dsers-fulfillment-service,87.99,167.50,true,false,,https://cdn.shopify.com/s/files/1/0691/8140/7513/products/Sf480065063184a3a96ec7f0c957583a49.jpg?v=1677177551,2,,,,,,,,,,,,,,,,,,https://cdn.shopify.com/s/files/1/0691/8140/7513/products/S5e2f479a046d4229a8f2955efd2b42e76.jpg?v=1677177553,kg,,,,,,,
caneca-magnetica-de-aco-inoxidavel-automatica-400ml,,,,,,,,,,,,,,,,,,,,,,,,https://cdn.shopify.com/s/files/1/0691/8140/7513/products/S5e2f479a046d4229a8f2955efd2b42e76.jpg?v=1677177553,3,,,,,,,,,,,,,,,,,,,,,,,,,,
caneca-magnetica-de-aco-inoxidavel-automatica-400ml,,,,,,,,,,,,,,,,,,,,,,,,https://cdn.shopify.com/s/files/1/0691/8140/7513/products/S9b1f625a3402410e9511f814848a6e28x.jpg?v=1677177554,4,,,,,,,,,,,,,,,,,,,,,,,,,,
caneca-magnetica-de-aco-inoxidavel-automatica-400ml,,,,,,,,,,,,,,,,,,,,,,,,https://cdn.shopify.com/s/files/1/0691/8140/7513/products/S4d39333025ef45aa91c33eb3599cedc69.jpg?v=1677177556,5,,,,,,,,,,,,,,,,,,,,,,,,,,
caneca-magnetica-de-aco-inoxidavel-automatica-400ml,,,,,,,,,,,,,,,,,,,,,,,,https://cdn.shopify.com/s/files/1/0691/8140/7513/products/S233cb9d1bacc4a488a42e80f3c30ad3dd.jpg?v=1677177558,6,,,,,,,,,,,,,,,,,,,,,,,,,,
caneca-magnetica-de-aco-inoxidavel-automatica-400ml,,,,,,,,,,,,,,,,,,,,,,,,https://cdn.shopify.com/s/files/1/0691/8140/7513/products/S12740155170d4bb486b87d688458ededj.jpg?v=1677177560,7,,,,,,,,,,,,,,,,,,,,,,,,,,
bolsa-termica-grande,Bolsa térmica grande,"<h3>Com a Bolsa térmica você mantem seu Alimento fresco e conservado.</h3>

<hr>
<h3>Ideal para levar ao trabalho, academia, escola, passeios.</h3>

<hr>
<h3>O tempo de conservação da temperatura pode variar de acordo com a temperatura ambiente.</h3>

<hr>
<h3>Fecho de zíper, bolso na parte da frente com zíper</h3>

<hr>
<h3>Material Externo: Poliéster</h3>

<hr>
<h3>Material interno: Manta Térmica Laminada</h3>

<hr>
<h3>Material: cifrado cation + folha de alumínio</h3>

<hr>
<h3>Tamanho: 25cm *14cm *25cm</h3>

<hr>
<h3>cores: preto,cinza,rosa,azul </h3>

<hr>
<h1>ENVIAMOS CORES ALEATÓRIAS</h1>
",Brasil,,Acessórios de Moda,BRASIL,true,Title,Default Title,,,,,<none>,0.0,shopify,deny,dsers-fulfillment-service,49.99,78.50,true,false,"",https://cdn.shopify.com/s/files/1/0691/8140/7513/products/Sab61ecb077274169800d5a6f122aba97a.jpg?v=1677177203,1,|<none>,false,,,,,,,,,,,,,,,,,kg,,,true,true,,,active
bolsa-termica-grande,,,,,,,,,,,,,,,,,,,,,,,,https://cdn.shopify.com/s/files/1/0691/8140/7513/products/S17897cd49b754c06b069db7283f44463o.jpg?v=1677177205,2,,,,,,,,,,,,,,,,,,,,,,,,,,
bolsa-termica-grande,,,,,,,,,,,,,,,,,,,,,,,,https://cdn.shopify.com/s/files/1/0691/8140/7513/products/Sfee1077e782b4c5b86bd46533a33ba2b4.jpg?v=1677177207,3,,,,,,,,,,,,,,,,,,,,,,,,,,
bolsa-termica-grande,,,,,,,,,,,,,,,,,,,,,,,,https://cdn.shopify.com/s/files/1/0691/8140/7513/products/Se646ed5df944493d85e3cea0471058afp.jpg?v=1677177209,4,,,,,,,,,,,,,,,,,,,,,,,,,,
bolsa-termica-grande,,,,,,,,,,,,,,,,,,,,,,,,https://cdn.shopify.com/s/files/1/0691/8140/7513/products/S95213a3f727345088a545d472ab37dbd3.jpg?v=1677177210,5,,,,,,,,,,,,,,,,,,,,,,,,,,
caixinha-som-bluetooth-tws-metal-mini-speaker-amplificada-3w-al-2022,Caixinha Som Bluetooth Tws Metal Mini Speaker Amplificada 3w - AL-2022,"<h1>CORES ENVIADAS ALEATÓRIAMENTE</h1>

<h3>Qualidade de som, design e luxo, caixinha de som elegante e super potência ideal para a qualidade de vida musical, social em casa, viagens, escritorio e tambor de chamadas!</h3>

<hr>
<h3>Pequeno no tamanho e grande na potência, de comprimento um dos produtos apresentados em nossa loja.</h3>

<hr>
<h3>Como um produto? Super simples, basta clicar no botão de ligar/desligar por 4 segundos e quando o bluetooth tocar um alternar, basta procurar em seu celular e conectar! Servir para aparelhar e de qualidade marca</h3>

<hr>
<h3>Tipo: caixa de som bluetooth.</h3>

<hr>
<h3>Potência: 3w.</h3>

<hr>
<h3>Alimentação: 5v dc via usb.</h3>

<hr>
<h3>Compatibilidade: bluetooth v4.2.</h3>

<hr>
<h3>Capacidade da bateria: 3.7v/400mah.</h3>

<hr>
<h3>Tempo de carregamento: 4 horas.</h3>

<hr>
<h3>Tempo de utilização: 2 horas (aproximado podendo mais)</h3>

<hr>
<h3>Dimensões aproximadas: 50mm x 33mm.</h3>

<hr>
<h3>Material utilizado na fabricação: plástico, metal e circuito eletrônico.</h3>

<hr>
<h3>Peso: 70g</h3>

<h1>Itens inclusos:</h1>

<h3>mini caixa de som 3w com bluetooth AL-3031</h3>

<hr>
<h3>cabo micro-usb v8.</h3>

<hr>
<h3>alça para transporte</h3>

<p> </p>
",Brasil,,Eletrônicos,BRASIL,true,Title,Default Title,,,,,<none>,0.0,shopify,deny,dsers-fulfillment-service,55.99,89.99,true,false,"",https://cdn.shopify.com/s/files/1/0691/8140/7513/products/Sae7603a0720c4399ad8dd61851e7ef31o.jpg?v=1677176864,1,|<none>,false,,,,,,,,,,,,,,,,,kg,,,true,true,,,active
caixinha-som-bluetooth-tws-metal-mini-speaker-amplificada-3w-al-2022,,,,,,,,,,,,,,,,,,,,,,,,https://cdn.shopify.com/s/files/1/0691/8140/7513/products/S55fc1b900f4e4097a5da8aebb6e0d2937.jpg?v=1677176866,2,,,,,,,,,,,,,,,,,,,,,,,,,,
caixinha-som-bluetooth-tws-metal-mini-speaker-amplificada-3w-al-2022,,,,,,,,,,,,,,,,,,,,,,,,https://cdn.shopify.com/s/files/1/0691/8140/7513/products/S478ff4a1603f438ca7b272ce4e0469a0n.jpg?v=1677176867,3,,,,,,,,,,,,,,,,,,,,,,,,,,
caixinha-som-bluetooth-tws-metal-mini-speaker-amplificada-3w-al-2022,,,,,,,,,,,,,,,,,,,,,,,,https://cdn.shopify.com/s/files/1/0691/8140/7513/products/S7a392030f83343ec92ef3cb645c45a3ax.jpg?v=1677176869,4,,,,,,,,,,,,,,,,,,,,,,,,,,
kit-10pcs-de-pinceis-de-maquiagem-sereia-conjunto-profissional,Kit 10pcs de pincéis de maquiagem sereia conjunto profissional,"<h3>Produto de alta qualidade, cerdas super macias!</h3>

<hr>
<h3>Material: Cerdas sintéticas</h3>

<hr>
<h3>Tamanho Padrão</h3>

<hr>
<h3>Kit de pinceis para maquiagem Calda de Sereia cores metalizadas</h3>

<hr>
<h3>Cada kit contém 10 pincéis</h3>

<hr>
<h3>Kit com 10 pincéis calda de sereia maquiagem, pincel núcleos</h3>

<hr>
<h3>metalizados.</h3>

<hr>
<h3>Lindo e de ótima aplicação com cerdas macias!</h3>

<hr>
<h1>CORES SÃO ENVIADAS ALEATÓRIAS.</h1>

<p> </p>
",Brasil,,Acessórios de Moda,BRASIL,true,Title,Default Title,,,,,<none>,0.0,shopify,deny,dsers-fulfillment-service,29.99,35.00,true,false,"",https://cdn.shopify.com/s/files/1/0691/8140/7513/products/A1a6f08838bd04d679f1948f16be337bfn.jpg?v=1677176284,1,|<none>,false,,,,,,,,,,,,,,,,,kg,,,true,true,,,active
kit-10pcs-de-pinceis-de-maquiagem-sereia-conjunto-profissional,,,,,,,,,,,,,,,,,,,,,,,,https://cdn.shopify.com/s/files/1/0691/8140/7513/products/A0538eb9a2c194916af59a52e048b94192.jpg?v=1677176286,2,,,,,,,,,,,,,,,,,,,,,,,,,,
kit-10pcs-de-pinceis-de-maquiagem-sereia-conjunto-profissional,,,,,,,,,,,,,,,,,,,,,,,,https://cdn.shopify.com/s/files/1/0691/8140/7513/products/Abb7c626b6eac4acca0699dcf0dc9f5a0p.jpg?v=1677176288,3,,,,,,,,,,,,,,,,,,,,,,,,,,
kit-10pcs-de-pinceis-de-maquiagem-sereia-conjunto-profissional,,,,,,,,,,,,,,,,,,,,,,,,https://cdn.shopify.com/s/files/1/0691/8140/7513/products/A441a46f025be48cb9ff0700f681e3283y.jpg?v=1677176289,4,,,,,,,,,,,,,,,,,,,,,,,,,,
kit-10pcs-de-pinceis-de-maquiagem-sereia-conjunto-profissional,,,,,,,,,,,,,,,,,,,,,,,,https://cdn.shopify.com/s/files/1/0691/8140/7513/products/A2b8df882bf394347be6b852597e05303T.jpg?v=1677176291,5,,,,,,,,,,,,,,,,,,,,,,,,,,
kit-10pcs-de-pinceis-de-maquiagem-sereia-conjunto-profissional,,,,,,,,,,,,,,,,,,,,,,,,https://cdn.shopify.com/s/files/1/0691/8140/7513/products/A0461faeb4f1445838f77b283b1f32660K.jpg?v=1677176292,6,,,,,,,,,,,,,,,,,,,,,,,,,,
kit-10pcs-de-pinceis-de-maquiagem-sereia-conjunto-profissional,,,,,,,,,,,,,,,,,,,,,,,,https://cdn.shopify.com/s/files/1/0691/8140/7513/products/A5f67a90568324675a4d5f0f696cd1240f.jpg?v=1677176294,7,,,,,,,,,,,,,,,,,,,,,,,,,,
caneca-magnetica-liquidificador-misturador-inteligente-350ml,Caneca Magnética Liquidificador Misturador Inteligente 350ml,"<h3>Caneca Mixer 350ml</h3>
<hr>
<h3>Cor: Vermelho/Preto</h3>
<hr>
<h3>Tamanho:11.6*8.8*8.8（Cm）</h3>
<hr>
<h3>Dimensões Da Embalagem:13*12*9（Cm）</h3>
<hr>
<h3>Peso:260.5g</h3>
<hr>
<h3>Composição: Plastico e Aco Inox</h3>
<hr>
<h3>Contém: 1 Unidade</h3>
<hr>
<h3>Alimentação: 2 Pilhas AAA. (NÃO INCLUSAS).</h3>
<h1>Uso Do Produto：</h1>
<hr>
<h3>• Facilite sua vida e esqueça colheres, prepare suas bebidas pressionando apenas um botão.</h3>
<hr>
<h3>• Ideal para cafés, chás, chocolate quente, etc.</h3>
<hr>
<h3>• Basta colocar sua bebida na caneca e pressionar o botão ""mexer"".</h3>
<hr>
<h3>• O automatismo está situado no fundo da caneca.</h3>
<hr>
<h3>• Obtenha resultados com mínimo de esforço.</h3>
<hr>
<h3>• Leve, prático e de ótima qualidade.</h3>
<h1>Advertência:</h1>
<h3>• Não Pode ir ao Microondas.</h3>
<hr>
<h3>• Não utilize a caneca para misturar bebidas muito densas ou com pedaços de alimentos.</h3>
<hr>
<h3>• Ao lavar, o compartimento de pilhas deve estar bem fechado, e não deve ser molhado. Lave o interior da caneca manualmente sem deixar escorrer água nas laterais.</h3>
<h1>Características：</h1>
<h3>• Design da tampa de taças: A tampa copo possui furos de dissipação de calor e furos de canudo, tornando-o mais conveniente para beber!</h3>
<hr>
<h3>• Design lacrado: a tampa lacrada pode manter a temperatura do café, podendo ser usada como bandeja de lanches quando virou</h3>
<hr>
<h3>• Material do corpo do copo: o principal material do corpo do copo é reutilizável, e o anel externo é confeccionado em aço inox metal, com textura excelente</h3>
<hr>
<h3>• Design do botão engate: Amarre o botão. Simplesmente pressione o botão e funcionará automaticamente. Quando seus olhos acendem, um hidromassagem aparecerá.</h3>
<hr>
<h3>• Roda de mistura silenciosa: Mistura silenciosa, misturando automático uniformemente, poder moderado, e não será derramado por causa de velocidade de mistura muito rápida.</h3>
<p> </p>",Brasil,,Utensílios Domésticos,BRASIL,true,Color,Preto,,,,,200007763:203054829;14:193,0.0,shopify,deny,dsers-fulfillment-service,53.99,97.50,true,false,,https://cdn.shopify.com/s/files/1/0691/8140/7513/products/S89bbc65769134f46844eba1fee8438e0O.jpg?v=1677175910,1,,false,,,,,,,,,,,,,,,,https://cdn.shopify.com/s/files/1/0691/8140/7513/products/S9d49b2731f94415f8a659228fb32f37fa.jpg?v=1677175910,kg,,,true,true,,,active
caneca-magnetica-liquidificador-misturador-inteligente-350ml,,,,,,,,,Vermelho,,,,,200007763:203054829;14:10,0.0,shopify,deny,dsers-fulfillment-service,53.99,97.50,true,false,,https://cdn.shopify.com/s/files/1/0691/8140/7513/products/S9d49b2731f94415f8a659228fb32f37fa.jpg?v=1677175910,2,,,,,,,,,,,,,,,,,,https://cdn.shopify.com/s/files/1/0691/8140/7513/products/S0a52a9afbc0a4d2eb50e52779697583fa.jpg?v=1677175910,kg,,,,,,,
caneca-magnetica-liquidificador-misturador-inteligente-350ml,,,,,,,,,,,,,,,,,,,,,,,,https://cdn.shopify.com/s/files/1/0691/8140/7513/products/S0a52a9afbc0a4d2eb50e52779697583fa.jpg?v=1677175910,3,,,,,,,,,,,,,,,,,,,,,,,,,,
caneca-magnetica-liquidificador-misturador-inteligente-350ml,,,,,,,,,,,,,,,,,,,,,,,,https://cdn.shopify.com/s/files/1/0691/8140/7513/products/Sd8e7578c509541c5b3160c12ff026e38E.jpg?v=1677175910,4,,,,,,,,,,,,,,,,,,,,,,,,,,
caneca-magnetica-liquidificador-misturador-inteligente-350ml,,,,,,,,,,,,,,,,,,,,,,,,https://cdn.shopify.com/s/files/1/0691/8140/7513/products/S5d854046cacd45a381eb724b23e3111eb.jpg?v=1677175868,5,,,,,,,,,,,,,,,,,,,,,,,,,,
caneca-magnetica-liquidificador-misturador-inteligente-350ml,,,,,,,,,,,,,,,,,,,,,,,,https://cdn.shopify.com/s/files/1/0691/8140/7513/products/Sf89243261589412aa5cab9679a4bd795b.jpg?v=1677175870,6,,,,,,,,,,,,,,,,,,,,,,,,,,
caneca-magnetica-liquidificador-misturador-inteligente-350ml,,,,,,,,,,,,,,,,,,,,,,,,https://cdn.shopify.com/s/files/1/0691/8140/7513/products/Se8a217605be5434e89f4c6705ca28992J.jpg?v=1677175871,7,,,,,,,,,,,,,,,,,,,,,,,,,,
maquina-de-barbear-e-de-cabelos-eletrico,Maquina de  Barbear e de Cabelos elétrico,"<h3>MÁQUINA DE ACABAMENTO RECARREGÁVEL SEM FIO</h3>

<hr>
<h3>IDEAL PARA ACABAMENTOS | DETALHES</h3>

<hr>
<h3>BATERIA RECARREGÁVEL 1500mA</h3>

<hr>
<h3>MOTOR POTENTE DE ALTA VELOCIDADE</h3>

<hr>
<h1>Mais detalhes:</h1>

<h3>Potência: 5W</h3>

<hr>
<h3>Tensão do motor: 3.7V</h3>

<hr>
<h3>Capacidade de carga: 1500mA</h3>

<hr>
<h3>Voltagem: Bivolt</h3>

<hr>
<h3> </h3>

<h3>Cabeça de corte segura, corte suave especializado</h3>

<hr>
<h3>Design avançado e motor com baixo ruído</h3>

<hr>
<h3>Desenho do corpo dragão</h3>

<p> </p>
",Brasil,Ferragens > Ferramentas,Eletrônicos,BRASIL,true,Title,Default Title,,,,,<none>,0.0,shopify,deny,dsers-fulfillment-service,69.99,136.99,true,false,"",https://cdn.shopify.com/s/files/1/0691/8140/7513/products/A3fb47ee85a1a46f793a2e7c53f318452v.jpg?v=1677175043,1,,false,,,,,,,,,,,,,,,,https://cdn.shopify.com/s/files/1/0691/8140/7513/products/A3fb47ee85a1a46f793a2e7c53f318452v.jpg?v=1677175043,kg,,,true,true,,,active
maquina-de-barbear-e-de-cabelos-eletrico,,,,,,,,,,,,,,,,,,,,,,,,https://cdn.shopify.com/s/files/1/0691/8140/7513/products/Ad466bfefde1a4a9395589326ea35c3f24.jpg?v=1677175045,2,,,,,,,,,,,,,,,,,,,,,,,,,,
maquina-de-barbear-e-de-cabelos-eletrico,,,,,,,,,,,,,,,,,,,,,,,,https://cdn.shopify.com/s/files/1/0691/8140/7513/products/A982a4aa0dcaf48ccabc67d9bdc5cc99ay.jpg?v=1677175046,3,,,,,,,,,,,,,,,,,,,,,,,,,,
maquina-de-barbear-e-de-cabelos-eletrico,,,,,,,,,,,,,,,,,,,,,,,,https://cdn.shopify.com/s/files/1/0691/8140/7513/products/A8ecfe9fadc7a4ba5b680e8f713402055B.jpg?v=1677175047,4,,,,,,,,,,,,,,,,,,,,,,,,,,
afiador-de-faca-multifuncional-pedra-preta-3-segmentos-1,"Afiador de Faca Multifuncional, Pedra Preta, 3 Segmentos","<h3>Material do artigo: aço inoxidável</h3>

<hr>
<h3>Tamanho do item: 22x5x6cm</h3>

<hr>
<h3>Cor do item: vermelho/preto</h3>

<hr>
<h3>Quantidade do item: 1pc</h3>

<hr>
<h3>Características do artigo 1: segurança de mão, ao contrário dos apontadores tradicionais, apontadores à mão são</h3>

<hr>
<h3>mais seguros e fazem você se sentir mais à vontade ao usá-los.</h3>

<hr>
<h3>Características do artigo 2: o design inferior antiderrapante pode ser colocado na mesa.</h3>

<hr>
<h3>O design antiderrapante especial na parte inferior faz afiar a faca mais segura</h3>

<hr>
<h3>Item características 3: faca rápida afiada ener, diferentes posições correspondem a diferentes métodos, apenas alguns</h3>

<h3>puxamentos suaves, sua faca pode se tornar muito afiada.</h3>

<hr>
<h3>Uso do item: apontador de faca em casa<br>
 </h3>
",Brasil,,Utensílios Domésticos,BRASIL,true,Title,Default Title,,,,,5:100014065#1 pcs,0.0,shopify,deny,dsers-fulfillment-service,47.99,75.00,true,false,"",https://cdn.shopify.com/s/files/1/0691/8140/7513/products/Sb987355fb3664c50a5574896ea5a7cb6G_92a0261e-219f-408d-8439-3412d4c612a9.jpg?v=1677173794,1,|5:100014065#1 pcs,false,,,,,,,,,,,,,,,,https://cdn.shopify.com/s/files/1/0691/8140/7513/products/Sb987355fb3664c50a5574896ea5a7cb6G_92a0261e-219f-408d-8439-3412d4c612a9.jpg?v=1677173794,kg,,,true,true,,,active
afiador-de-faca-multifuncional-pedra-preta-3-segmentos-1,,,,,,,,,,,,,,,,,,,,,,,,https://cdn.shopify.com/s/files/1/0691/8140/7513/products/S61cdf3b4a467486894dab68db0832bb08_201937bc-2d3c-4c86-b4c3-95ca4520f75b.jpg?v=1677173796,2,,,,,,,,,,,,,,,,,,,,,,,,,,
afiador-de-faca-multifuncional-pedra-preta-3-segmentos-1,,,,,,,,,,,,,,,,,,,,,,,,https://cdn.shopify.com/s/files/1/0691/8140/7513/products/S2def688280d84727a6af6d7b26e453dap_a76ceabf-554c-406a-9ca8-074799d767b6.jpg?v=1677173797,3,,,,,,,,,,,,,,,,,,,,,,,,,,
afiador-de-faca-multifuncional-pedra-preta-3-segmentos-1,,,,,,,,,,,,,,,,,,,,,,,,https://cdn.shopify.com/s/files/1/0691/8140/7513/products/S1688b7d2e82d4f50b6dbd50c66ec3aa40_b47bcf2e-87f7-4cf5-af5e-f83084009420.jpg?v=1677173799,4,,,,,,,,,,,,,,,,,,,,,,,,,,
afiador-de-faca-multifuncional-pedra-preta-3-segmentos-1,,,,,,,,,,,,,,,,,,,,,,,,https://cdn.shopify.com/s/files/1/0691/8140/7513/products/S9f510ac91eee406c82026973570980a0I.jpg?v=1677173800,5,,,,,,,,,,,,,,,,,,,,,,,,,,
saboneteira-folha-com-dreno-utensilios-para-banheiro,Saboneteira Folha Com Dreno Utensílios Para Banheiro,"<h3>Escoa a água e evita que o sabonete em barra derreta com facilidade<br> prático, moderno e ainda decora o seu ambiente!</h3>
<hr>
<h3>Saboneteira com drenagem de água ventosa foi projetado em formato de folha aerodinâmica<br> suporte de sabonete executa de maneira inteligente a auto drenagem de água com ângulo<br> de 45 °, pois conta com um sistema para escoamento da água, deixando o sabão sempre<br> sequinho para uso no seu dia dia !</h3>
<hr>
<h3>Saboneteira super funcional que organiza e decora o ambiente como cozinha ou banheiro<br> pois conta com um design em formato de folha, decorando o seu espaço com elegância.</h3>
<hr>
<h3>E o melhor fixa em qualquer superfície, pois sua poderosa ventosa na parte inferior ajuda a<br> fixar firmemente em qualquer lugar cerâmica, vidro, madeira e outros.</h3>
<hr>
<h3>Fácil de limpar à caixa de sabão pode ser desmontada para limpeza e montada facilmente.</h3>
<hr>
<h2>INFORMAMOS:</h2>
<h3>Devido à diferença entre monitores diferentes, a imagem pode não refletir a cor real do item nas fotos<br> por favor permita uma ligeira diferença de dimensão devido à medição manual diferente.</h3>
<hr>
<h2>Característica:</h2>
<h2>Suporte para sabonete antiderrapante decora seu espaço<br> com elegância.</h2>
<hr>
<h2>Base da ventosa se fixa com firmeza em superfícies lisas</h2>
<hr>
<h2>Drenagem inteligente não deixa acumular excesso de água</h2>
<hr>
<h2>Mantém o sabão seco com muito mas durabilidade.</h2>
<hr>
<h1>Especificações:</h1>
<h2>Material Abs</h2>
<hr>
<h2>Cor verde/cinza</h2>
<hr>
<h2>1 pç por pacote</h2>
<h2> </h2>",Brasil,,Utensílios Domésticos,BRASIL,true,Cor,Verde,,,,,14:100013775#VERDE,0.0,shopify,deny,dsers-fulfillment-service,29.99,45.50,true,false,,https://cdn.shopify.com/s/files/1/0691/8140/7513/products/S1642d7ce845a4d7d884a60339d17ad00N.jpg?v=1677160573,1,,false,,,,,,,,,,,,,,,,https://cdn.shopify.com/s/files/1/0691/8140/7513/products/S0f544e386b6d4fc79e00d767e97fc12eC.jpg?v=1677160576,kg,,,true,true,,,active
saboneteira-folha-com-dreno-utensilios-para-banheiro,,,,,,,,,Cinza,,,,,14:100013777#CINZA,0.0,shopify,deny,dsers-fulfillment-service,29.99,45.50,true,false,,https://cdn.shopify.com/s/files/1/0691/8140/7513/products/S3585052b4d9e423bac649fe59a589713J.jpg?v=1677160575,2,,,,,,,,,,,,,,,,,,https://cdn.shopify.com/s/files/1/0691/8140/7513/products/S3585052b4d9e423bac649fe59a589713J.jpg?v=1677160575,kg,,,,,,,
saboneteira-folha-com-dreno-utensilios-para-banheiro,,,,,,,,,,,,,,,,,,,,,,,,https://cdn.shopify.com/s/files/1/0691/8140/7513/products/S0f544e386b6d4fc79e00d767e97fc12eC.jpg?v=1677160576,3,,,,,,,,,,,,,,,,,,,,,,,,,,
saboneteira-folha-com-dreno-utensilios-para-banheiro,,,,,,,,,,,,,,,,,,,,,,,,https://cdn.shopify.com/s/files/1/0691/8140/7513/products/S8706950fb95e40c5924b6cbd5edc98b8V.jpg?v=1677160578,4,,,,,,,,,,,,,,,,,,,,,,,,,,
saboneteira-folha-com-dreno-utensilios-para-banheiro,,,,,,,,,,,,,,,,,,,,,,,,https://cdn.shopify.com/s/files/1/0691/8140/7513/products/S77346a33d49545d9928606697b34174ac.jpg?v=1677160579,5,,,,,,,,,,,,,,,,,,,,,,,,,,
saboneteira-folha-com-dreno-utensilios-para-banheiro,,,,,,,,,,,,,,,,,,,,,,,,https://cdn.shopify.com/s/files/1/0691/8140/7513/products/S6ef426900ab741718b5738fffac06db39.jpg?v=1677160581,6,,,,,,,,,,,,,,,,,,,,,,,,,,
saboneteira-folha-com-dreno-utensilios-para-banheiro,,,,,,,,,,,,,,,,,,,,,,,,https://cdn.shopify.com/s/files/1/0691/8140/7513/products/Sf8ca5f2af5464fce9d4af9868c1e29fd1.jpg?v=1677160582,7,,,,,,,,,,,,,,,,,,,,,,,,,,
saboneteira-folha-com-dreno-utensilios-para-banheiro,,,,,,,,,,,,,,,,,,,,,,,,https://cdn.shopify.com/s/files/1/0691/8140/7513/products/Sd4c9d48f704b4f50b0febc1b119f579cQ.jpg?v=1677160584,8,,,,,,,,,,,,,,,,,,,,,,,,,,
caixa-de-som-speaker-portatil-bluetooth-al-007,Caixa De Som Speaker Portátil Bluetooth AL-007,"<h3>7Caixa De Som Portátil AL-00 aproveite a melhor experiência ouvindo suas músicas com mais qualidade que nunca, conte com resistência e sofisticação, resistente à respingos, design slim tornando-a mais prática ao carregar no seu dia a dia, faça festas, divida momentos com amigos ou até aquela música perfeita para dar a disposição que você precisa!!Sem contar a longa duração da bateria, então não fique de fora e garanta já a sua Caixa De Som Portátil AL-008.</h3>
<h1>ENTREGAMOS CORES SORTIDAS</h1>
<h1>Especificações:</h1>
<h3>Capacidade da Bateria: 800mMAh</h3>
<hr>
<h3> Resposta de frequência: 651Hz-20kHz</h3>
<hr>
<h3>Speaker: 45mm*2</h3>
<hr>
<h3>Potência de saída: 2x10w</h3>
<hr>
<h3>Voltagem: 5 v</h3>
<hr>
<h1>itens Incluídos:</h1>
<h3>Caixa De Som Portátil AL-009</h3>
<hr>
<h3>Cabo USB</h3>
<hr>
<h3>Cabo p2-p2</h3>",Brasil,,Eletrônicos,BRASIL,true,Title,Default Title,,,,,<none>,0.0,shopify,deny,dsers-fulfillment-service,65.99,139.99,true,false,"",https://cdn.shopify.com/s/files/1/0691/8140/7513/products/A81f40bf5db9a4fb5beb60eace91a3d7fs.translated.jpg?v=1677126439,1,,false,,,,,,,,,,,,,,,,,kg,,,true,true,,,active
caixa-de-som-speaker-portatil-bluetooth-al-007,,,,,,,,,,,,,,,,,,,,,,,,https://cdn.shopify.com/s/files/1/0691/8140/7513/products/Uabcf3022e55f43cbb8504f07df09e67a7.jpg?v=1677126439,2,,,,,,,,,,,,,,,,,,,,,,,,,,
caixa-de-som-speaker-portatil-bluetooth-al-007,,,,,,,,,,,,,,,,,,,,,,,,https://cdn.shopify.com/s/files/1/0691/8140/7513/products/A23e7a80096c345968baeb98526ac998fP.translated.jpg?v=1677126439,3,,,,,,,,,,,,,,,,,,,,,,,,,,
camera-wifi-ip-sem-fio-giratoria-360-com-encaixe-lampada-bocal-rosca-full-hd-visao-noturna,Câmera wifi ip sem fio giratória 360 com encaixe lampada bocal rosca full HD visão noturna,"<h2>Por favor, observe. Não incluímos um cartão de memória com a venda. Se você precisar salvar seus vídeos localmente, por favor, prepare seu próprio cartão de memória.</h2>

<hr>
<p>1. Rastreamento automático e função de tom de alarme.</p>

<hr>
<p>2. Conexão wi-fi sem fio.</p>

<hr>
<p>3. Audio Talk bidirecional fala em tempo real.</p>

<hr>
<p>4. Pan 355 graus / Tilt 90 graus.</p>

<hr>
<p>5. TF Card Max 128GB Memory Card.</p>

<hr>
<p>6. Luz dupla de alerta inteligente humanóide.</p>

<hr>
<p>7.Preset Position/Alert Voice and Alarm Bell/Cruise function.</p>

<hr>
<p>8.Visualização Remota via YIIOT no Smartphone.</p>

<hr>
<p>Zoom digital de 9,4x.</p>

<hr>
<p>10. Suporta armazenamento em cartão TF, + armazenamento em nuvem.</p>

<hr>
<p>11,10-15M (IR LED) Visão Diurna e Noturna.</p>

<hr>
<h1>Incluído no Pacote:</h1>

<hr>
<p>1 * câmera</p>

<hr>
<p>1 * manual</p>

<hr>
<p>1 * suporte</p>

<hr>
<p>1 * pacote de parafuso</p>

<p> </p>
",Brasil,,Eletrônicos,BRASIL,true,Title,Default Title,,,,,200000891:200004524#1 Pcs,0.0,shopify,deny,dsers-fulfillment-service,105.99,199.00,true,false,"",https://cdn.shopify.com/s/files/1/0691/8140/7513/products/S27c58cb18e644b229a5ff976e6ed6210N.jpg?v=1677099499,1,|200000891:200004524#1 Pcs,false,,,,,,,,,,,,,,,,https://cdn.shopify.com/s/files/1/0691/8140/7513/products/S27c58cb18e644b229a5ff976e6ed6210N.jpg?v=1677099499,kg,,,true,true,,,active
camera-wifi-ip-sem-fio-giratoria-360-com-encaixe-lampada-bocal-rosca-full-hd-visao-noturna,,,,,,,,,,,,,,,,,,,,,,,,https://cdn.shopify.com/s/files/1/0691/8140/7513/products/S0900d7f5a7de43578fbf0a575b6cc06fh.jpg?v=1677099500,2,,,,,,,,,,,,,,,,,,,,,,,,,,
camera-wifi-ip-sem-fio-giratoria-360-com-encaixe-lampada-bocal-rosca-full-hd-visao-noturna,,,,,,,,,,,,,,,,,,,,,,,,https://cdn.shopify.com/s/files/1/0691/8140/7513/products/Sd71f65152cca4aa99c76999c9296b5f43.jpg?v=1677099501,3,,,,,,,,,,,,,,,,,,,,,,,,,,
camera-wifi-ip-sem-fio-giratoria-360-com-encaixe-lampada-bocal-rosca-full-hd-visao-noturna,,,,,,,,,,,,,,,,,,,,,,,,https://cdn.shopify.com/s/files/1/0691/8140/7513/products/S507153599394441e8aae534ef7aedaf5M.jpg?v=1677099503,4,,,,,,,,,,,,,,,,,,,,,,,,,,
camera-wifi-ip-sem-fio-giratoria-360-com-encaixe-lampada-bocal-rosca-full-hd-visao-noturna,,,,,,,,,,,,,,,,,,,,,,,,https://cdn.shopify.com/s/files/1/0691/8140/7513/products/S2b0d2d26aba04c2081ef3ff9c840a7c7r.jpg?v=1677099505,5,,,,,,,,,,,,,,,,,,,,,,,,,,
camera-wifi-ip-sem-fio-giratoria-360-com-encaixe-lampada-bocal-rosca-full-hd-visao-noturna,,,,,,,,,,,,,,,,,,,,,,,,https://cdn.shopify.com/s/files/1/0691/8140/7513/products/S09217901b4ca4962aed4f96be7b6eca5f.jpg?v=1677099506,6,,,,,,,,,,,,,,,,,,,,,,,,,,
lampada-com-controle-remoto-de-musica-bluetooth-rgb,Lâmpada com controle remoto de música Bluetooth RGB,"<h3>Pode ser controlado através de telefone inteligente ou tablet conectando o bluetooth, então você poderia usá-lo reproduzir sua música favorita e relaxar-se.</h3>

<hr>
<h3>Você pode usar o controle remoto incluído 24 teclas para mudar cores rgb e diferentes modos de nossa lâmpada led, muito fácil de operar.</h3>

<hr>
<h3>Nosso bulbo do diodo emissor de luz é projetado caber o soquete e27 padrão, muito fácil instalar.</h3>

<hr>
<h3>Excelente qualidade, design criativo e elegante, proteção ambiental, baixo consumo de energia e longa vida útil.<br>
Suave e colorido luz e bela música, dando-lhe uma vida maravilhosa.</h3>

<hr>
<h3>Perfeito para usar no seu quarto, armário, armário, corredor, oficina, porão, garagem, telhado e assim por diante.</h3>

<hr>
<h1>Especificações:</h1>

<hr>
<h3>Condição: 100% novo</h3>

<hr>
<h3>Material: Plástico</h3>

<hr>
<h3>Shell Cor: Branco</h3>

<hr>
<h3>Cor Da luz: RGB</h3>

<hr>
<h3>Fonte de luz: LED</h3>

<hr>
<h3>Tipo de Base: E27</h3>

<hr>
<h3>Tensão: ac 100v-240v 50-60hz</h3>

<hr>
<h3>Potência total: 12w</h3>

<hr>
<h3>Potência do diodo emissor de luz: 7w</h3>

<hr>
<h3>Potência do orador: 5w</h3>

<hr>
<h3>Resposta de freqüência: 135hz-15khz</h3>

<hr>
<h3>Versão sem fio: 3.0</h3>

<hr>
<h3>Perfil suportados: A2DP</h3>

<hr>
<h3>Faixa de rádio: 10m (33ft)</h3>

<hr>
<h3>Tamanho: Aprox. 9.4x13.2cm / 3.7x5.2 polegada</h3>

<hr>
<h1>Como Usar:</h1>

<hr>
<h3>Aplique esta lâmpada na base e27 e depois acenda.</h3>

<hr>
<h3>A lâmpada é iluminar, então você pode usar o controle remoto para ajustar a cor da luz e os modos que você gosta.</h3>

<hr>
<h3>Ligue seu dispositivo bluetooth (seu telefone ou tablet), o bluetooth do bulbo de busca e conecte-o.</h3>

<hr>
<h3>Depois de conectar com sucesso, você pode reproduzir a música que você gosta com a lâmpada.</h3>

<hr>
<h1>O pacote Inclui:</h1>

<hr>
<h3> </h3>

<h3>1 x lâmpada led bluetooth música alto-falante</h3>

<hr>
<h3>1x24 teclas de controle remoto</h3>

<h3> </h3>
",Brasil,,Eletrônicos,BRASIL,true,Title,Default Title,,,,,<none>,0.0,shopify,deny,dsers-fulfillment-service,51.50,99.50,true,false,"",https://cdn.shopify.com/s/files/1/0691/8140/7513/products/Sb1b2924ab8b1494eba4e5094d04fe872I.jpg?v=1677097713,1,|<none>,false,,,,,,,,,,,,,,,,https://cdn.shopify.com/s/files/1/0691/8140/7513/products/Sb1b2924ab8b1494eba4e5094d04fe872I.jpg?v=1677097713,kg,,,true,true,,,active
lampada-com-controle-remoto-de-musica-bluetooth-rgb,,,,,,,,,,,,,,,,,,,,,,,,https://cdn.shopify.com/s/files/1/0691/8140/7513/products/S54bb862db7e04c92bf06e47d69aea9f0U.jpg?v=1677097716,2,,,,,,,,,,,,,,,,,,,,,,,,,,
lampada-com-controle-remoto-de-musica-bluetooth-rgb,,,,,,,,,,,,,,,,,,,,,,,,https://cdn.shopify.com/s/files/1/0691/8140/7513/products/S3543db166bc744238c48bbbc6612c6697.jpg?v=1677097718,3,,,,,,,,,,,,,,,,,,,,,,,,,,
lampada-com-controle-remoto-de-musica-bluetooth-rgb,,,,,,,,,,,,,,,,,,,,,,,,https://cdn.shopify.com/s/files/1/0691/8140/7513/products/S0719c2e180eb401d93b48fe2f4c435c3x.jpg?v=1677097721,4,,,,,,,,,,,,,,,,,,,,,,,,,,
lampada-com-controle-remoto-de-musica-bluetooth-rgb,,,,,,,,,,,,,,,,,,,,,,,,https://cdn.shopify.com/s/files/1/0691/8140/7513/products/S66b0c606b1214d3ab1d9bdad50a762512.jpg?v=1677097723,5,,,,,,,,,,,,,,,,,,,,,,,,,,
lampada-com-controle-remoto-de-musica-bluetooth-rgb,,,,,,,,,,,,,,,,,,,,,,,,https://cdn.shopify.com/s/files/1/0691/8140/7513/products/Se6c270ba09da40eab06ccc983ab3721cb.jpg?v=1677097724,6,,,,,,,,,,,,,,,,,,,,,,,,,,
lampada-com-controle-remoto-de-musica-bluetooth-rgb,,,,,,,,,,,,,,,,,,,,,,,,https://cdn.shopify.com/s/files/1/0691/8140/7513/products/Sec3c2cac2ae6457bb93dd6b65ab63e7ef.jpg?v=1677097727,7,,,,,,,,,,,,,,,,,,,,,,,,,,
mini-liquidificador-portatil-regarregavel-cabo-usb-6-laminas,Mini Liquidificador portátil regarregavel cabo usb 6 laminas,"<h3>Uma nova maneira de preparar Sucos, Vitaminas, Shakes e muito mais.</h3>

<hr>
<h3>A qualquer hora e em qualquer lugar, verdadeiramente portátil, com bateria recarregável com autonomia para 10 misturas.</h3>

<hr>
<h3>Tem sistema de proteção que não liga sem o copo transparente.</h3>

<hr>
<h3>Conta com alça de silicone para melhor transportá-lo.</h3>

<hr>
<h3>Você mistura e bebe na mesma garrafa.</h3>

<hr>
<h3>O presente ideal para amigos e para você mesmo, por ser portátil e com design revolucionário permite ser levado para academia, viagens e até mesmo em escritório.</h3>

<hr>
<h3>
<br>
INSTRUÇÕES DE USO:<br>
<br>
Lave as frutas, corte em pedaços pequenos coloque na garrafa, cerca de 60% do copo após adição do líquido, de modo que o volume total represente cerca de 80% do copo.</h3>

<hr>
<h3>Agite o produto para um melhor funcionamento, e pressione o interruptor, para iniciar o motor, em seguida delicadamente agitar o produto.</h3>

<hr>
<h3>Pronto! Seu maravilhoso Shake, Suco está pronto para saborear.</h3>

<hr>
<h3>INFORMAÇÕES TÉCNICAS:<br>
<br>
Carregamento via USB do computador ou carregador de celular</h3>

<hr>
<h3>Capacidade: 380ml</h3>

<hr>
<h3>Motor: DC 3.7v</h3>

<hr>
<h3>Rotação do motor:</h3>

<hr>
<h3>Carga Completa: 22000 RPM</h3>

<hr>
<h3>Durante Carregamento: 15000RPM</h3>

<hr>
<h3>Corrente de trabalho: 10-12A</h3>

<hr>
<h3>Dimensões: 23,5 x 8cm (Alt x Diâmetro)</h3>

<hr>
<h3>Peso: 465G</h3>

<hr>
<h3>ITENS INCLUSOS:<br>
<br>
- 01 Liquidificador</h3>

<hr>
<h3>- 01 Cabo USB</h3>

<hr>
<h3>- 01 Manual</h3>

<h3> </h3>

<p> </p>
",Brasil,,Utensílios Domésticos,BRASIL,true,Cor,Verde Claro,,,,,14:200006152,0.0,shopify,deny,dsers-fulfillment-service,59.99,89.99,true,false,,https://cdn.shopify.com/s/files/1/0691/8140/7513/products/Sdc11cf070a2f461682b2a2f84cf824c9j.jpg?v=1677088694,1,|14:200006152|14:173|14:496|14:1052,false,,,,,,,,,,,,,,,,https://cdn.shopify.com/s/files/1/0691/8140/7513/products/Sdc11cf070a2f461682b2a2f84cf824c9j.jpg?v=1677088694,kg,,,true,true,,,active
mini-liquidificador-portatil-regarregavel-cabo-usb-6-laminas,,,,,,,,,Azul,,,,,14:173,0.0,shopify,deny,dsers-fulfillment-service,59.99,89.99,true,false,,https://cdn.shopify.com/s/files/1/0691/8140/7513/products/S7be9960d9f40463b985697c918486312J.jpg?v=1677088698,2,,,,,,,,,,,,,,,,,,https://cdn.shopify.com/s/files/1/0691/8140/7513/products/Sdc11cf070a2f461682b2a2f84cf824c9j.jpg?v=1677088694,kg,,,,,,,
mini-liquidificador-portatil-regarregavel-cabo-usb-6-laminas,,,,,,,,,Roxo,,,,,14:496,0.0,shopify,deny,dsers-fulfillment-service,59.99,89.99,true,false,,https://cdn.shopify.com/s/files/1/0691/8140/7513/products/S25cf79a86f81433791f0fc50025c52d9h.jpg?v=1677088699,3,,,,,,,,,,,,,,,,,,https://cdn.shopify.com/s/files/1/0691/8140/7513/products/Sdc11cf070a2f461682b2a2f84cf824c9j.jpg?v=1677088694,kg,,,,,,,
mini-liquidificador-portatil-regarregavel-cabo-usb-6-laminas,,,,,,,,,Rosa,,,,,14:1052,0.0,shopify,deny,dsers-fulfillment-service,59.99,89.99,true,false,,https://cdn.shopify.com/s/files/1/0691/8140/7513/products/Sc3765188f7934a06a37faac8f55620a9T.jpg?v=1677088701,4,,,,,,,,,,,,,,,,,,https://cdn.shopify.com/s/files/1/0691/8140/7513/products/Sdc11cf070a2f461682b2a2f84cf824c9j.jpg?v=1677088694,kg,,,,,,,
mini-liquidificador-portatil-regarregavel-cabo-usb-6-laminas,,,,,,,,,,,,,,,,,,,,,,,,https://cdn.shopify.com/s/files/1/0691/8140/7513/products/Sb36be095c58b4d9e9e64eadcd739e05fS.jpg?v=1677088703,5,,,,,,,,,,,,,,,,,,,,,,,,,,
mini-liquidificador-portatil-regarregavel-cabo-usb-6-laminas,,,,,,,,,,,,,,,,,,,,,,,,https://cdn.shopify.com/s/files/1/0691/8140/7513/products/Sb2b8226e1ad7484bba75c8aa63fee5641.jpg?v=1677088704,6,,,,,,,,,,,,,,,,,,,,,,,,,,
chuveirinho-torneira-retratil-giratoria-360-filtro-de-agua-cozinha,Chuveirinho Torneira Retrátil Giratória 360° Filtro De Água Cozinha,"<h3>Torneira retrátil giratória é um dispositivo muito usado para economizar água energia</h3>

<hr>
<h3>Com Redutor de respingo de água na torneira tem adaptador que pode ser dobrado<br>
e movido muito mais mobilidade e controle da direção do fluxo com suporte flexível.</h3>

<hr>
<h3>Especificação:</h3>

<hr>
<h3>Cor: verde, rosa, azul.</h3>

<hr>
<h3>Material: PP.</h3>

<hr>
<h3>Tamanho: 4,5x5,5cm</h3>

<hr>
<h3>1 peça</h3>

<hr>
<h3>Em caso de duvidas estamos há disposição no chat!</h3>

<h3> </h3>
",Brasil,,Utensílios Domésticos,BRASIL,true,Title,Default Title,,,,,<none>,0.0,shopify,deny,dsers-fulfillment-service,29.99,44.50,true,false,,https://cdn.shopify.com/s/files/1/0691/8140/7513/products/S2b06fd99a1584df5b2652186ef2960c1O.jpg?v=1677081267,1,|<none>,false,,,,,,,,,,,,,,,,https://cdn.shopify.com/s/files/1/0691/8140/7513/products/S2b06fd99a1584df5b2652186ef2960c1O.jpg?v=1677081267,kg,,,true,true,,,active
chuveirinho-torneira-retratil-giratoria-360-filtro-de-agua-cozinha,,,,,,,,,,,,,,,,,,,,,,,,https://cdn.shopify.com/s/files/1/0691/8140/7513/products/S304043e61800425897d77469023c5aa06.jpg?v=1677081269,2,,,,,,,,,,,,,,,,,,,,,,,,,,
chuveirinho-torneira-retratil-giratoria-360-filtro-de-agua-cozinha,,,,,,,,,,,,,,,,,,,,,,,,https://cdn.shopify.com/s/files/1/0691/8140/7513/products/S213ea4d652b4486a99c0fcfe1161fbb75.jpg?v=1677081270,3,,,,,,,,,,,,,,,,,,,,,,,,,,
chuveirinho-torneira-retratil-giratoria-360-filtro-de-agua-cozinha,,,,,,,,,,,,,,,,,,,,,,,,https://cdn.shopify.com/s/files/1/0691/8140/7513/products/S132ddc567a204f1c98e39166c53e7146E.jpg?v=1677081272,4,,,,,,,,,,,,,,,,,,,,,,,,,,
chuveirinho-torneira-retratil-giratoria-360-filtro-de-agua-cozinha,,,,,,,,,,,,,,,,,,,,,,,,https://cdn.shopify.com/s/files/1/0691/8140/7513/products/S124f107975914b449dc1437d284b259cp.jpg?v=1677081273,5,,,,,,,,,,,,,,,,,,,,,,,,,,
chuveirinho-torneira-retratil-giratoria-360-filtro-de-agua-cozinha,,,,,,,,,,,,,,,,,,,,,,,,https://cdn.shopify.com/s/files/1/0691/8140/7513/products/S3bdae17a83d54c6ead991bcfbc5f6d26H.jpg?v=1677081275,6,,,,,,,,,,,,,,,,,,,,,,,,,,
suporte-de-celular-para-carros-retrovisor,Suporte de celular para carros retrovisor,"<p>O suporte celular veicular automotivo encaixe no retrovisor do carro é um acessório projetado para permitir que os usuários fixem seus smartphones no retrovisor interno do veículo.</p>

<hr>
<p>Ele é composto por uma base que se encaixa firmemente no retrovisor, além de um suporte para celular que pode ser ajustado para acomodar diferentes tamanhos e modelos de dispositivos.</p>

<hr>
<p>Este tipo de suporte para celular é muito prático para motoristas que precisam usar o GPS do celular para navegar, fazer chamadas telefônicas ou ouvir música enquanto dirigem, pois permite que eles tenham uma visualização clara da tela do celular sem precisar desviar os olhos da estrada.</p>

<hr>
<p>Além disso, por ser fixado no retrovisor, o suporte não obstrui a visão do motorista em nenhum momento.</p>

<hr>
<p>Fácil de instalar, não são necessárias ferramentas</p>

<hr>
<p>Indicado para celulares: 3.5 até 6.0 polegadas</p>

<hr>
<p>Fabricado com alta qualidade abs plástico de engenharia</p>

<hr>
<p>Superfixação</p>

<hr>
<p>Ajuste fácil para melhor visualização</p>

<hr>
<p>Dimensões aproximadas da embalagem: 16,5 x 13,5 x 10,5cm</p>

<p> </p>
",Brasil,,Acessórios automotivos,BRASIL,true,Title,Default Title,,,,,14:193,0.0,shopify,deny,dsers-fulfillment-service,43.99,65.00,true,false,"",https://cdn.shopify.com/s/files/1/0691/8140/7513/products/A3785146b94044d73ae08e7c7b3b740e81_a2157a84-7570-458f-a641-17266debaa31.jpg?v=1677072968,1,|14:193,false,,,,,,,,,,,,,,,,https://cdn.shopify.com/s/files/1/0691/8140/7513/products/A3785146b94044d73ae08e7c7b3b740e81_a2157a84-7570-458f-a641-17266debaa31.jpg?v=1677072968,kg,,,true,true,,,active
suporte-de-celular-para-carros-retrovisor,,,,,,,,,,,,,,,,,,,,,,,,https://cdn.shopify.com/s/files/1/0691/8140/7513/products/A0624901e057c4dba927d44cbde9298e59_f7d987aa-c78a-442f-a18f-1344b6af600a.jpg?v=1677072970,2,,,,,,,,,,,,,,,,,,,,,,,,,,
suporte-de-celular-para-carros-retrovisor,,,,,,,,,,,,,,,,,,,,,,,,https://cdn.shopify.com/s/files/1/0691/8140/7513/products/Aee474101a0754eb798045ed369057051h_aa13a7cf-875e-4cce-b102-75578624ab38.jpg?v=1677072972,3,,,,,,,,,,,,,,,,,,,,,,,,,,
suporte-de-celular-para-carros-retrovisor,,,,,,,,,,,,,,,,,,,,,,,,https://cdn.shopify.com/s/files/1/0691/8140/7513/products/Acc518f4875214d9a94eae65b6583916dZ_3c82cf6d-a81b-4d07-be93-c4c3821f5566.jpg?v=1677072974,4,,,,,,,,,,,,,,,,,,,,,,,,,,
suporte-de-celular-para-carros-retrovisor,,,,,,,,,,,,,,,,,,,,,,,,https://cdn.shopify.com/s/files/1/0691/8140/7513/products/A9978be81a93741648b74c39b980510840_0c7691be-1932-4eec-a944-8ebee105651c.jpg?v=1677072975,5,,,,,,,,,,,,,,,,,,,,,,,,,,
hand-grip-flexor-de-punho-com-mola-ajustavel,Hand Grip Flexor De Punho Com Mola Ajustável,"<p>Um handgrip é um dispositivo utilizado para fortalecer a musculatura das mãos, punhos e antebraços.</p>
<hr>
<p>Para utilizar o handgrip, o usuário deve segurar as alças com as mãos e apertá-las com força, exercitando assim os músculos da região.</p>
<hr>
<p>O dispositivo é ajustável, permitindo que o usuário aumente ou diminua a resistência da mola de acordo com o seu nível de força.</p>
<hr>
<p>O handgrip é frequentemente utilizado por atletas e praticantes de atividades físicas que requerem força nas mãos e antebraços, como escalada, levantamento de peso e artes marciais.</p>
<hr>
<p>Além disso, também pode ser utilizado por pessoas que buscam reabilitação física, como forma de fortalecer a musculatura das mãos e melhorar a coordenação motora.</p>
<p> </p>",Brasil,,Utensílios Domésticos,BRASIL,true,Title,Default Title,,,,,14:771#Cor aleatória,0.0,shopify,deny,dsers-fulfillment-service,49.99,75.00,true,false,"",https://cdn.shopify.com/s/files/1/0691/8140/7513/products/Sbd1dd2ac59d045f69d09cf033309a6a4T.jpg?v=1677020283,1,,false,,,,,,,,,,,,,,,,https://cdn.shopify.com/s/files/1/0691/8140/7513/products/Sf16e1f2636384e6c9c29c02c9f83ac05W.jpg?v=1677020285,kg,,,true,true,,,active
hand-grip-flexor-de-punho-com-mola-ajustavel,,,,,,,,,,,,,,,,,,,,,,,,https://cdn.shopify.com/s/files/1/0691/8140/7513/products/Sf16e1f2636384e6c9c29c02c9f83ac05W.jpg?v=1677020285,2,,,,,,,,,,,,,,,,,,,,,,,,,,
hand-grip-flexor-de-punho-com-mola-ajustavel,,,,,,,,,,,,,,,,,,,,,,,,https://cdn.shopify.com/s/files/1/0691/8140/7513/products/Sdc0ff5a02a7644e1b94b59c579883049U.translated.jpg?v=1677020337,3,,,,,,,,,,,,,,,,,,,,,,,,,,
hand-grip-flexor-de-punho-com-mola-ajustavel,,,,,,,,,,,,,,,,,,,,,,,,https://cdn.shopify.com/s/files/1/0691/8140/7513/products/S21885def67d846c99b47b9ed18ff4957b.translated.jpg?v=1677020341,4,,,,,,,,,,,,,,,,,,,,,,,,,,
hand-grip-flexor-de-punho-com-mola-ajustavel,,,,,,,,,,,,,,,,,,,,,,,,https://cdn.shopify.com/s/files/1/0691/8140/7513/products/Sa882505c65454e8b86cb555dc17ad89cY.translated.jpg?v=1677020341,5,,,,,,,,,,,,,,,,,,,,,,,,,,
hand-grip-flexor-de-punho-com-mola-ajustavel,,,,,,,,,,,,,,,,,,,,,,,,https://cdn.shopify.com/s/files/1/0691/8140/7513/products/S593605b98d4d4d0faa8ff15f1c5e10aa7.translated.jpg?v=1677020341,6,,,,,,,,,,,,,,,,,,,,,,,,,,
garrafa-quadrada-com-tampa-de-rosca-e-alca-550ml,Garrafa quadrada com tampa de rosca e alça 550ml,"<h3>A GARRAFA MY BOTTLE vem em uma nova versão, que é forma de caixa.</h3>

<hr>
<h3>Com capacidade de 550ml, esta garrafa é feita de material seguro e é livre de substâncias tóxicas.</h3>

<hr>
<h3>Uma garrafa indicada para viajar por causa de sua forma fresca.</h3>

<hr>
<h3>CAPACIDADE: 550ML</h3>

<hr>
<h3>TAMANHO APROXIMADO: 20X5,5CM</h3>

<hr>
<h3>PESO APROXIMADO: 80G</h3>

<hr>
<h3>TIPO DE PRODUTO: GARRAFA / SQUEEZE MY BOTTLE QUADRADA COM TAMPA ROSCA E ALCA</h3>

<hr>
<h3>COR: SORTIDAS</h3>

<hr>
<h3>COMPOSIÇÃO: PL</h3>

<p> </p>

<p> </p>
",Brasil,,Utensílios Domésticos,BRASIL,true,Title,Default Title,,,,,<none>,0.0,shopify,deny,dsers-fulfillment-service,35.99,55.00,true,false,"",https://cdn.shopify.com/s/files/1/0691/8140/7513/products/S9416dcef2de743e3a0b6fb14acaeb1c4R.jpg?v=1676920991,1,|<none>,false,,,,,,,,,,,,,,,,https://cdn.shopify.com/s/files/1/0691/8140/7513/products/S9416dcef2de743e3a0b6fb14acaeb1c4R.jpg?v=1676920991,kg,,,true,true,,,active
garrafa-quadrada-com-tampa-de-rosca-e-alca-550ml,,,,,,,,,,,,,,,,,,,,,,,,https://cdn.shopify.com/s/files/1/0691/8140/7513/products/Sa60389f0a7bd42b0a88844a59f92825bP.jpg?v=1676920993,2,,,,,,,,,,,,,,,,,,,,,,,,,,
garrafa-quadrada-com-tampa-de-rosca-e-alca-550ml,,,,,,,,,,,,,,,,,,,,,,,,https://cdn.shopify.com/s/files/1/0691/8140/7513/products/S9f4f21d8278944c49113e21b3472bddaZ.jpg?v=1676920994,3,,,,,,,,,,,,,,,,,,,,,,,,,,
garrafa-quadrada-com-tampa-de-rosca-e-alca-550ml,,,,,,,,,,,,,,,,,,,,,,,,https://cdn.shopify.com/s/files/1/0691/8140/7513/products/S7e6a660be40949019ed9f33808bd0267j.jpg?v=1676920996,4,,,,,,,,,,,,,,,,,,,,,,,,,,
garrafa-quadrada-com-tampa-de-rosca-e-alca-550ml,,,,,,,,,,,,,,,,,,,,,,,,https://cdn.shopify.com/s/files/1/0691/8140/7513/products/S7405ae718625496ba5be260fe033bff1A.jpg?v=1676920997,5,,,,,,,,,,,,,,,,,,,,,,,,,,
garrafa-quadrada-com-tampa-de-rosca-e-alca-550ml,,,,,,,,,,,,,,,,,,,,,,,,https://cdn.shopify.com/s/files/1/0691/8140/7513/products/Sf263a7a556ea4aaba3381757b265178bz.jpg?v=1676920999,6,,,,,,,,,,,,,,,,,,,,,,,,,,
fone-bluetooth-original-i7s-mini-tws,Fone Bluetooth original i7s mini tws,"<p>Ouvir a música correta, suporte músicas e chamada (2 fones de ouvido pode ser ouvir para chamada),</p>
<hr>
<p>Lembrar o número de chamada, a última chamada de volta, todos os alertas de voz inteligentes chinês e inglês, inicialização, par, desligar a energia do telefone será alertas de voz baixa;</p>
<hr>
<p>Acapacidade de energia mostrará em seu iphone, você pode ver a situação de energia a qualquer momento, não se preocupe com a eletricidade, faça sua vida sem se preocupar;</p>
<hr>
<p>Uma a duas conexões, pode ser conectado a dois telefones celulares ao mesmo tempo</p>
<hr>
<p>Fone de ouvido bluetooth conectado ao telefone após o desligamento, e depois abrir o fone de ouvido bluetooth irá se conectar de volta ao telefone automaticamente, mais conveniente;</p>
<hr>
<p>Compatibilidade inteligente: suporte todo o telefone celular bluetooth, tablet, notebook, cantando, música qq, filmes, etc., universal todo o telefone celular</p>
<p> </p>
<h2>Especificação:</h2>
<p> </p>
<p>1. driver: 15mm</p>
<hr>
<p>2. impedância: 32 ohm</p>
<hr>
<p>3. versão bluetooth: bluetooth v5.0 + edr</p>
<hr>
<p>4. faixa do uso de bluetooth: 2.4ghz</p>
<hr>
<p>5. nível de potência: classe ii</p>
<hr>
<p>6. potência de saída: 30mw</p>
<hr>
<p>7. bluetooth distância: 10 metros de barreira</p>
<hr>
<p>8. resposta de freqüência: 20-20000hz</p>
<hr>
<p>9. faixa de tensão de funcionamento: 3.0v-4.2v</p>
<hr>
<p>10. sensibilidade do mic:-42db</p>
<hr>
<p>11. Com a2dp/avrcp transmissão de áudio estéreo de alta qualidade e protocolo de controle remoto</p>
<hr>
<p>12. 12. Circuito de desfocagem de ruído poderoso (redução de ruído ativa)</p>
<hr>
<p>13. O tempo de conversação é de cerca de 2-3 horas</p>
<hr>
<p>14. Tempo de música cerca de 2-3 horas</p>
<hr>
<p>15.  O tempo de espera é de cerca de 100 horas</p>
<h2> </h2>
<h2>O pacote inclui:</h2>
<p> </p>
<p>2 x mini fones de ouvido bluetooth (fones de ouvido esquerdo e direito)</p>
<hr>
<p>1 x caixa de carregamento</p>
<hr>
<p>1 x cabo de carregamento usb</p>
<hr>
<p>1 x manual do usuário</p>
<p> </p>",Brasil,,Eletrônicos,BRASIL,true,Title,Default Title,,,,,14:10#i7s Mini White,0.0,shopify,deny,dsers-fulfillment-service,59.99,166.99,true,false,"",https://cdn.shopify.com/s/files/1/0691/8140/7513/products/Sf84b1496edce48f1ba50ccc66496e217J_aa99d474-e4c4-4f61-bdd5-b089343f004c.jpg?v=1676917333,1,,false,,,,,,,,,,,,,,,,,kg,,,true,true,,,active
fone-bluetooth-original-i7s-mini-tws,,,,,,,,,,,,,,,,,,,,,,,,https://cdn.shopify.com/s/files/1/0691/8140/7513/products/S71fd8ed8b8a040d994dcd3383f19f668L.translated.jpg?v=1676917333,2,,,,,,,,,,,,,,,,,,,,,,,,,,
fone-bluetooth-original-i7s-mini-tws,,,,,,,,,,,,,,,,,,,,,,,,https://cdn.shopify.com/s/files/1/0691/8140/7513/products/S8f218b59f2af4ea0bf2592a025391313B.translated.jpg?v=1676917333,3,,,,,,,,,,,,,,,,,,,,,,,,,,
fone-bluetooth-original-i7s-mini-tws,,,,,,,,,,,,,,,,,,,,,,,,https://cdn.shopify.com/s/files/1/0691/8140/7513/products/S445d80fbfc094b32b236e8bc43536ad9d.translated.jpg?v=1676917357,4,,,,,,,,,,,,,,,,,,,,,,,,,,
fone-bluetooth-original-i7s-mini-tws,,,,,,,,,,,,,,,,,,,,,,,,https://cdn.shopify.com/s/files/1/0691/8140/7513/products/S08931aa1172e4eaba59099c14b5cf529z.translated.jpg?v=1676917357,5,,,,,,,,,,,,,,,,,,,,,,,,,,
fone-bluetooth-original-i7s-mini-tws,,,,,,,,,,,,,,,,,,,,,,,,https://cdn.shopify.com/s/files/1/0691/8140/7513/products/S4c72f8eacddb470083cdd5afa5df99c1I.translated.jpg?v=1676917357,6,,,,,,,,,,,,,,,,,,,,,,,,,,
fone-bluetooth-original-i7s-mini-tws,,,,,,,,,,,,,,,,,,,,,,,,https://cdn.shopify.com/s/files/1/0691/8140/7513/products/S714eb0f95eae4abcad46b8eafb590faas.translated.jpg?v=1676917357,7,,,,,,,,,,,,,,,,,,,,,,,,,,
fone-de-ouvido-bluetooth-led,Fone de ouvido bluetooth LED,"<h3>Tipo sem fio: bluetooth</h3>

<hr>
<h3>Impermeável: Sim</h3>

<hr>
<h3>Controle de Volume: Sim</h3>

<hr>
<h3>Princípio do Vocalismo: Dinâmico</h3>

<hr>
<h3>Suporta Cartão de Memória: Não</h3>

<hr>
<h3>Aplicativo de suporte: Não</h3>

<hr>
<h3>Estilo: intra-auricular</h3>

<hr>
<h3>Sensibilidade: 111dB</h3>

<hr>
<h3>Resistência: 32Ω</h3>

<hr>
<h3>Número de motoristas: 2</h3>

<hr>
<h3>Tipo de ímã: Neodímio</h3>

<hr>
<h3>É sem fio: Sim</h3>

<hr>
<h3>Função: Fone de ouvido comum,Para celular,Fone de ouvido HiFi,Esportes</h3>

<hr>
<h3>Faixa de resposta de frequência: 20 - 20000 Hz</h3>

<hr>
<h3>Botão de controle: Sim</h3>

<hr>
<h3>Comunicação: sem fio</h3>

<hr>
<h3>Método de Carregamento: Cabo</h3>

<hr>
<h3>Certificação: CE</h3>

<hr>
<h3>Versão Bluetooth: 5.1</h3>

<hr>
<h3>Cancelamento de Ruído Ativo: Não</h3>

<p> </p>
",Brasil,,Eletrônicos,BRASIL,true,Cor,Preto,,,,,14:10#Preto,0.0,shopify,deny,dsers-fulfillment-service,77.50,149.99,true,false,,https://cdn.shopify.com/s/files/1/0691/8140/7513/products/Se29731738b3b40beaf7a1d1e97d9fd2fU.translated.jpg?v=1676913873,1,,false,,,,,,,,,,,,,,,,https://cdn.shopify.com/s/files/1/0691/8140/7513/products/S3bfbe82fb25b4320b04e6b8317d4f73fU.jpg?v=1676913873,kg,,,true,true,,,active
fone-de-ouvido-bluetooth-led,,,,,,,,,Branco,,,,,14:29#Branco,0.0,shopify,deny,dsers-fulfillment-service,77.50,149.99,true,false,,https://cdn.shopify.com/s/files/1/0691/8140/7513/products/S362479c045914366995000b46ec9d37c2.translated.jpg?v=1676913873,2,,,,,,,,,,,,,,,,,,https://cdn.shopify.com/s/files/1/0691/8140/7513/products/Sb4d6923c053e443a835ac0a54474619eQ.jpg?v=1676913873,kg,,,,,,,
fone-de-ouvido-bluetooth-led,,,,,,,,,Azul,,,,,14:173#Azul,0.0,shopify,deny,dsers-fulfillment-service,77.50,149.99,true,false,,https://cdn.shopify.com/s/files/1/0691/8140/7513/products/S3bfbe82fb25b4320b04e6b8317d4f73fU.jpg?v=1676913873,3,,,,,,,,,,,,,,,,,,https://cdn.shopify.com/s/files/1/0691/8140/7513/products/S517a805b20a34a018d8bdd154c22db035.jpg?v=1676913954,kg,,,,,,,
fone-de-ouvido-bluetooth-led,,,,,,,,,Rosa,,,,,14:193#Rosa,0.0,shopify,deny,dsers-fulfillment-service,77.50,149.99,true,false,,https://cdn.shopify.com/s/files/1/0691/8140/7513/products/Sb4d6923c053e443a835ac0a54474619eQ.jpg?v=1676913873,4,,,,,,,,,,,,,,,,,,https://cdn.shopify.com/s/files/1/0691/8140/7513/products/S15254eb15a0b4d98856b541dac75fe0fb.jpg?v=1676913954,kg,,,,,,,
fone-de-ouvido-bluetooth-led,,,,,,,,,,,,,,,,,,,,,,,,https://cdn.shopify.com/s/files/1/0691/8140/7513/products/S517a805b20a34a018d8bdd154c22db035.jpg?v=1676913954,5,,,,,,,,,,,,,,,,,,,,,,,,,,
fone-de-ouvido-bluetooth-led,,,,,,,,,,,,,,,,,,,,,,,,https://cdn.shopify.com/s/files/1/0691/8140/7513/products/S15254eb15a0b4d98856b541dac75fe0fb.jpg?v=1676913954,6,,,,,,,,,,,,,,,,,,,,,,,,,,
fone-de-ouvido-bluetooth-led,,,,,,,,,,,,,,,,,,,,,,,,https://cdn.shopify.com/s/files/1/0691/8140/7513/products/S42dca7660d6641d585a2fd4d236c46a0x.jpg?v=1676913873,7,,,,,,,,,,,,,,,,,,,,,,,,,,
fone-de-ouvido-bluetooth-led,,,,,,,,,,,,,,,,,,,,,,,,https://cdn.shopify.com/s/files/1/0691/8140/7513/products/S34e9a42bc1b84ab4ab1994d2aebefc9cE.jpg?v=1676913873,8,,,,,,,,,,,,,,,,,,,,,,,,,,
fone-de-ouvido-bluetooth-led,,,,,,,,,,,,,,,,,,,,,,,,https://cdn.shopify.com/s/files/1/0691/8140/7513/products/Sf5eb7d92adba465386ca1cc759159751X.jpg?v=1676913873,9,,,,,,,,,,,,,,,,,,,,,,,,,,
carregador-original-iphone-usb-1m,Carregador original iphone USB 1M,"<h3>Este carregador de iPhone é um acessório essencial para quem possui um iPhone e precisa manter o dispositivo carregado e pronto para uso. Ele é compatível com diversos modelos de iPhone, desde o iPhone 5 até o mais recente iPhone 13, além de funcionar com iPads e iPods que possuam conector Lightning.</h3>

<hr>
<h3>O adaptador de parede deste carregador é compacto e leve, facilitando o transporte em sua bolsa ou mochila, para que você possa carregar</h3>

<hr>
<h3>Seu iPhone em qualquer lugar. O cabo de carregamento tem cerca de 1 metro de comprimento, permitindo que você carregue o seu dispositivo confortavelmente enquanto o usa, sem estar limitado por um cabo curto.</h3>

<hr>
<h3>Este carregador de iPhone tem uma saída de corrente de 5V e 1A, o que significa que ele carregará seu iPhone de maneira eficiente e segura. Além disso, ele possui proteção contra sobrecarga, sobretensão e curto-circuito, garantindo a segurança do seu dispositivo enquanto ele é carregado.</h3>

<hr>
<h3>Este carregador de iPhone é produzido com materiais de alta qualidade e passou por rigorosos testes de qualidade, garantindo sua durabilidade e desempenho confiável. Com design elegante e acabamento em branco, este carregador de iPhone combina perfeitamente com o estilo do seu dispositivo Apple.</h3>

<hr>
<h3>Com este carregador de iPhone, você poderá manter seu dispositivo carregado e pronto para uso em qualquer lugar e a qualquer momento. É a escolha perfeita para quem busca praticidade, segurança e eficiência no carregamento do seu iPhone.</h3>

<p> </p>
",Brasil,,Eletrônicos,BRASIL,true,Tipo,Cabo 1M,,,,,14:771#1m cabo,0.0,shopify,deny,dsers-fulfillment-service,35.00,80.00,true,false,,https://cdn.shopify.com/s/files/1/0691/8140/7513/products/Sd2553b98e61941a9b61c388e4067c74fc.jpg?v=1676492375,1,,false,,,,,,,,,,,,,,,,https://cdn.shopify.com/s/files/1/0691/8140/7513/products/S688dd21c564842c18f735ac54f1eaadae.jpg?v=1676492483,kg,,,true,true,,,active
carregador-original-iphone-usb-1m,,,,,,,,,Carregador,,,,,14:193#Carregador,0.0,shopify,deny,dsers-fulfillment-service,40.00,95.00,true,false,,https://cdn.shopify.com/s/files/1/0691/8140/7513/products/S688dd21c564842c18f735ac54f1eaadae.jpg?v=1676492483,2,,,,,,,,,,,,,,,,,,https://cdn.shopify.com/s/files/1/0691/8140/7513/products/S976151a24b5145b3aa2fa48bda9aa52fZ.jpg?v=1676492483,kg,,,,,,,
carregador-original-iphone-usb-1m,,,,,,,,,Carregador e cabo,,,,,14:173#Carregador e cabo,0.0,shopify,deny,dsers-fulfillment-service,57.99,119.99,true,false,,https://cdn.shopify.com/s/files/1/0691/8140/7513/products/S976151a24b5145b3aa2fa48bda9aa52fZ.jpg?v=1676492483,3,,,,,,,,,,,,,,,,,,https://cdn.shopify.com/s/files/1/0691/8140/7513/products/Sc6f02120aaf9437985c0713c75fee16fq.jpg?v=1676492483,kg,,,,,,,
carregador-original-iphone-usb-1m,,,,,,,,,,,,,,,,,,,,,,,,https://cdn.shopify.com/s/files/1/0691/8140/7513/products/Sc6f02120aaf9437985c0713c75fee16fq.jpg?v=1676492483,4,,,,,,,,,,,,,,,,,,,,,,,,,,
carregador-original-iphone-usb-1m,,,,,,,,,,,,,,,,,,,,,,,,https://cdn.shopify.com/s/files/1/0691/8140/7513/products/S73397510a7194bf3853219684e7765d3J.jpg?v=1676492381,5,,,,,,,,,,,,,,,,,,,,,,,,,,
carregador-original-iphone-usb-1m,,,,,,,,,,,,,,,,,,,,,,,,https://cdn.shopify.com/s/files/1/0691/8140/7513/products/S174f050286034601809203b9651085aa2.jpg?v=1676492382,6,,,,,,,,,,,,,,,,,,,,,,,,,,
carregador-original-iphone-usb-1m,,,,,,,,,,,,,,,,,,,,,,,,https://cdn.shopify.com/s/files/1/0691/8140/7513/products/S588f2901cc6c42c9bef46628cbf4e9cae.jpg?v=1676492384,7,,,,,,,,,,,,,,,,,,,,,,,,,,
carregador-original-iphone-usb-1m,,,,,,,,,,,,,,,,,,,,,,,,https://cdn.shopify.com/s/files/1/0691/8140/7513/products/S1532954cf94547938d33dc5e09b96a4dl.jpg?v=1676492386,8,,,,,,,,,,,,,,,,,,,,,,,,,,
carregador-original-iphone-usb-1m,,,,,,,,,,,,,,,,,,,,,,,,https://cdn.shopify.com/s/files/1/0691/8140/7513/products/S524c920173c94e9bb26f3f567777dd54l.jpg?v=1676492387,9,,,,,,,,,,,,,,,,,,,,,,,,,,
